model,SST-2,SQuAD2.0,IWSLT2017-en-fr,RACE,MedMCQA,avg
RECALL,0.96,0.28,0.087801234980862,0.49,0.295,0.4225602469961724
HE-RECALL(ours),0.96,0.28,0.087801234980862,0.49,0.295,0.4225602469961724
