model,SST-2,SQuAD2.0,IWSLT2017-en-fr,RACE,MedMCQA,avg
RECALL,0.945,0.08,0.08440404579802524,0.51,0.33,0.38988080915960505
eRECALL(ours),0.94,0.085,0.08333874157123526,0.49,0.33,0.38566774831424705
